Component, LCOM2, LCOM3, LCOM5, TCC, LCOM4, LCbC_XScan, MWE, CC
net.sf.freecol.FreeCol,263,93,93,8,3,0,0.07651632524813802,73
net.sf.freecol.client.ClientOptions,45,96,100,0,7,2,0.013344525396073382,61
net.sf.freecol.client.FreeColClient,921,95,97,2,10,1,0.050147113780968734,126
net.sf.freecol.client.Worker,0,42,67,67,1,0,0.011908205027094824,2
net.sf.freecol.client.control.ClientModelController,0,45,25,47,4,3,0.008730842935343314,15
net.sf.freecol.client.control.ConnectController,0,62,62,82,1,0,0.03062655989764359,77
net.sf.freecol.client.control.InGameController,0,82,81,79,1,0,0.005299018543891584,450
net.sf.freecol.client.control.InGameInputHandler,321,78,0,0,2,11,0.010500171026854988,199
net.sf.freecol.client.control.InputHandler,0,60,0,0,2,1,0.015635221951761986,9
net.sf.freecol.client.control.MapEditorController,0,63,50,67,1,0,0.017366819632675033,66
net.sf.freecol.client.control.PreGameController,0,64,50,82,1,0,0.0097602183174702,60
net.sf.freecol.client.control.PreGameInputHandler,130,82,0,33,3,7,0.010379066418153025,23
net.sf.freecol.client.gui.Canvas,6025,97,95,6,118,0,0.6898262435566643,238
net.sf.freecol.client.gui.CanvasKeyListener,0,33,22,33,2,0,0.011550344646407215,2
net.sf.freecol.client.gui.CanvasMapEditorMouseListener,1,43,22,30,3,0,0.01523164097876849,37
net.sf.freecol.client.gui.CanvasMapEditorMouseMotionListener,0,52,58,100,1,0,0.009525743149860155,0
net.sf.freecol.client.gui.CanvasMouseListener,3,39,0,30,3,0,0.014539258841051781,19
net.sf.freecol.client.gui.CanvasMouseMotionListener,0,39,42,100,1,0,0.015687769959175885,20
net.sf.freecol.client.gui.FAFile,7,58,50,0,1,0,0.021402359579195885,4
net.sf.freecol.client.gui.FreeColMenuBar,31,93,55,0,4,0,0.01032168749339002,17
net.sf.freecol.client.gui.FreeColMenuTest,22,75,50,30,2,0,0.030085317585790895,8
net.sf.freecol.client.gui.FullScreenFrame,1,50,0,100,2,0,0.014655024323896334,8
net.sf.freecol.client.gui.GUI,2863,96,96,11,3,0,0.009607061308333787,302
net.sf.freecol.client.gui.GUIMessage,0,63,100,0,2,0,0.011111111111111112,2
net.sf.freecol.client.gui.ImageLibrary,1574,97,93,5,11,0,0.13404716720828305,60
net.sf.freecol.client.gui.InGameMenuBar,36,99,,0,3,0,0.00593839762099199,25
net.sf.freecol.client.gui.MapEditorMenuBar,15,100,,0,1,0,0.004654619243282933,15
net.sf.freecol.client.gui.MessageLabel,,,,,1,0,4.9E-324,2
net.sf.freecol.client.gui.TerrainCursor,55,83,91,13,3,0,0.013923445244000295,3
net.sf.freecol.client.gui.TilePopup,0,67,0,0,1,0,0.016941843779880773,98
net.sf.freecol.client.gui.ViewMode,0,56,62,100,1,0,0.012509585767338216,9
net.sf.freecol.client.gui.WindowedFrame,0,33,0,100,1,0,0.01891614712060234,8
net.sf.freecol.client.gui.WindowedFrameListener,26,75,,0,7,0,0.017429352084505738,5
net.sf.freecol.client.gui.action.AboutAction,3,83,,0,3,0,0.012146973078268645,11
net.sf.freecol.client.gui.action.ActionManager,8,80,,0,3,0,0.011960353997508123,43
net.sf.freecol.client.gui.action.AssignTradeRouteAction,6,88,,0,4,1,0.014882250380485785,12
net.sf.freecol.client.gui.action.BuildColonyAction,6,88,,0,4,1,0.011990392655981381,13
net.sf.freecol.client.gui.action.ChangeAction,10,90,,0,5,2,0.010973081901518774,15
net.sf.freecol.client.gui.action.ChangeWindowedModeAction,6,88,,0,4,1,0.012139341633074317,9
net.sf.freecol.client.gui.action.ChatAction,6,88,,0,4,1,0.019177773061755696,13
net.sf.freecol.client.gui.action.ClearOrdersAction,6,88,,0,4,1,0.010067114093959731,12
net.sf.freecol.client.gui.action.ColopediaBuildingAction,6,88,,0,4,1,0.021020931896789795,2
net.sf.freecol.client.gui.action.ColopediaFatherAction,6,88,,0,4,1,0.030271647799212216,2
net.sf.freecol.client.gui.action.ColopediaGoodsAction,6,88,,0,4,1,0.02510196530266634,2
net.sf.freecol.client.gui.action.ColopediaNationAction,6,88,,0,4,1,0.01879622237327044,2
net.sf.freecol.client.gui.action.ColopediaNationTypeAction,6,88,,0,4,1,0.010714322628077828,2
net.sf.freecol.client.gui.action.ColopediaResourceAction,6,88,,0,4,1,0.01693991010821492,19
net.sf.freecol.client.gui.action.ColopediaSkillAction,6,88,,0,4,1,0.013563192283542186,2
net.sf.freecol.client.gui.action.ColopediaTerrainAction,6,88,,0,4,1,0.015822784810126583,2
net.sf.freecol.client.gui.action.ColopediaUnitAction,6,88,,0,4,1,0.019043383083724136,2
net.sf.freecol.client.gui.action.DebugCrossBugAction,6,88,,0,4,1,0.009433962264150943,1
net.sf.freecol.client.gui.action.DebugShowCoordinatesAction,6,88,,0,4,1,0.011900258322431316,1
net.sf.freecol.client.gui.action.DeclareIndependenceAction,6,88,,0,4,2,0.01714901325955459,8
net.sf.freecol.client.gui.action.DetermineHighSeasAction,10,90,,0,4,1,0.019026552966744614,14
net.sf.freecol.client.gui.action.DisbandUnitAction,6,88,,0,4,1,0.01197605614614107,8
net.sf.freecol.client.gui.action.DisplayGridAction,6,88,,0,4,1,0.015759091721970694,10
net.sf.freecol.client.gui.action.DisplayTileEmptyAction,6,88,,0,4,1,0.0112589270355937,1
net.sf.freecol.client.gui.action.DisplayTileNamesAction,6,88,,0,4,1,0.010265219284385943,1
net.sf.freecol.client.gui.action.DisplayTileOwnersAction,6,88,,0,4,1,0.01726480085508874,1
net.sf.freecol.client.gui.action.DisplayTileRegionsAction,6,88,,0,4,1,0.0128322418011956,1
net.sf.freecol.client.gui.action.EndTurnAction,3,83,,0,3,0,0.014571604256696645,6
net.sf.freecol.client.gui.action.EuropeAction,6,88,,0,4,1,0.020258116553213152,9
net.sf.freecol.client.gui.action.ExecuteGotoOrdersAction,3,83,,0,3,0,0.009933774834437085,14
net.sf.freecol.client.gui.action.FindColonyAction,6,88,,0,4,1,0.016155455459276786,0
net.sf.freecol.client.gui.action.FortifyAction,6,88,,0,4,1,0.010452997685929588,14
net.sf.freecol.client.gui.action.FreeColAction,268,95,66,1,8,2,0.007603409420425517,19
net.sf.freecol.client.gui.action.GotoAction,6,88,,0,4,1,0.01271689530543532,12
net.sf.freecol.client.gui.action.GotoTileAction,6,75,,0,4,1,0.012347855964114357,13
net.sf.freecol.client.gui.action.ImprovementAction,0,50,37,100,1,2,0.008072583829775638,12
net.sf.freecol.client.gui.action.ImprovementActionType,5,61,75,40,2,2,0.010901425095189697,8
net.sf.freecol.client.gui.action.LoadAction,6,88,,0,4,1,0.01238719295259922,12
net.sf.freecol.client.gui.action.MapControlsAction,13,83,75,0,3,1,0.02680760648163287,15
net.sf.freecol.client.gui.action.MapboardAction,10,100,,,5,1,0.014527742235813589,12
net.sf.freecol.client.gui.action.MiniMapChangeBackgroundAction,8,80,0,0,5,1,0.012868825115480202,2
net.sf.freecol.client.gui.action.MiniMapZoomInAction,6,88,,0,4,1,0.013519375419393184,11
net.sf.freecol.client.gui.action.MiniMapZoomOutAction,6,88,,0,4,1,0.01032705795477381,11
net.sf.freecol.client.gui.action.NewAction,6,88,,0,4,1,0.01020408163265306,8
net.sf.freecol.client.gui.action.NewEmptyMapAction,10,90,,0,4,1,0.016871152678546074,21
net.sf.freecol.client.gui.action.OpenAction,6,88,,0,4,1,0.014382445508722584,6
net.sf.freecol.client.gui.action.PreferencesAction,10,90,,0,5,1,0.013934676299770844,7
net.sf.freecol.client.gui.action.QuitAction,3,83,,0,3,0,0.011342223058912825,9
net.sf.freecol.client.gui.action.ReconnectAction,10,90,,0,5,1,0.012495740189777747,6
net.sf.freecol.client.gui.action.RenameAction,6,88,,0,4,1,0.015082840603948858,9
net.sf.freecol.client.gui.action.ReportCargoAction,6,88,,0,4,2,0.01733756195629704,11
net.sf.freecol.client.gui.action.ReportColonyAction,6,88,,0,4,1,0.015855183744665637,11
net.sf.freecol.client.gui.action.ReportContinentalCongressAction,6,88,,0,4,1,0.04895198020091306,10
net.sf.freecol.client.gui.action.ReportExplorationAction,6,88,,0,4,1,0.02931289944647485,11
net.sf.freecol.client.gui.action.ReportForeignAction,6,88,,0,4,1,0.052987483521887965,10
net.sf.freecol.client.gui.action.ReportHighScoresAction,6,88,,0,4,1,0.0228259493052955,8
net.sf.freecol.client.gui.action.ReportHistoryAction,6,88,,0,4,1,0.027249624177926136,11
net.sf.freecol.client.gui.action.ReportIndianAction,6,88,,0,4,2,0.031434238222383185,10
net.sf.freecol.client.gui.action.ReportLabourAction,6,88,,0,4,1,0.02715854953150619,11
net.sf.freecol.client.gui.action.ReportMilitaryAction,6,88,,0,4,1,0.040335400310802,10
net.sf.freecol.client.gui.action.ReportNavalAction,6,88,,0,4,1,0.028185523041617887,10
net.sf.freecol.client.gui.action.ReportReligionAction,6,88,,0,4,2,0.032200291785972175,10
net.sf.freecol.client.gui.action.ReportRequirementsAction,6,88,,0,4,1,0.027419469478028893,10
net.sf.freecol.client.gui.action.ReportTradeAction,6,88,,0,4,1,0.037175469783116054,10
net.sf.freecol.client.gui.action.ReportTurnAction,6,88,,0,4,1,0.01391548299220562,8
net.sf.freecol.client.gui.action.RetireAction,6,88,,0,4,1,0.011352924639022864,8
net.sf.freecol.client.gui.action.SaveAction,6,88,,0,4,1,0.010067114093959731,10
net.sf.freecol.client.gui.action.ScaleMapAction,15,92,,0,4,1,0.020566091718257077,22
net.sf.freecol.client.gui.action.SelectableAction,26,88,75,17,7,1,0.01857908272264984,8
net.sf.freecol.client.gui.action.SentryAction,6,88,,0,4,1,0.009146341463414634,13
net.sf.freecol.client.gui.action.ShowMainAction,6,88,,0,4,1,0.040505400195048634,12
net.sf.freecol.client.gui.action.SkipUnitAction,6,88,,0,4,1,0.011573668268292871,11
net.sf.freecol.client.gui.action.ToggleViewModeAction,3,83,,0,3,0,0.010536858107984104,11
net.sf.freecol.client.gui.action.TradeRouteAction,6,88,,0,4,1,0.015431972066276294,12
net.sf.freecol.client.gui.action.UnloadAction,15,92,,0,4,1,0.017352865618219446,24
net.sf.freecol.client.gui.action.WaitAction,3,83,,0,3,0,0.013657626393512938,8
net.sf.freecol.client.gui.action.ZoomInAction,6,75,100,0,4,2,0.015402786256977732,15
net.sf.freecol.client.gui.action.ZoomOutAction,6,75,100,0,4,2,0.011773698812800994,17
net.sf.freecol.client.gui.animation.Animation,17,76,67,0,2,0,0.015003779097706029,0
net.sf.freecol.client.gui.animation.UnitMoveAnimation,14,74,90,0,1,0,0.03404852482506284,21
net.sf.freecol.client.gui.i18n.Messages,9,77,85,20,1,0,0.012033107942822417,61
net.sf.freecol.client.gui.menu.DebugMenu,0,0,,,1,0,0.022769511295647527,71
net.sf.freecol.client.gui.option.AudioMixerOptionUI,0,50,50,90,1,4,0.010208484232256428,17
net.sf.freecol.client.gui.option.BooleanOptionUI,0,56,55,76,1,4,0.01170549882795798,12
net.sf.freecol.client.gui.option.FileOptionUI,0,57,60,67,1,4,0.012344861184405104,15
net.sf.freecol.client.gui.option.FreeColActionUI,25,76,60,17,3,4,0.007959700245864513,13
net.sf.freecol.client.gui.option.IntegerOptionUI,0,50,50,90,1,5,0.008700865441731941,13
net.sf.freecol.client.gui.option.LanguageOptionUI,0,50,50,90,1,4,0.008455770640556394,13
net.sf.freecol.client.gui.option.OptionGroupUI,0,56,0,100,1,4,0.010971698741546652,36
net.sf.freecol.client.gui.option.OptionMapUI,0,68,62,60,2,4,0.012017877165022521,17
net.sf.freecol.client.gui.option.OptionUpdater,,,,0,4,0,0.013824932423326228,6
net.sf.freecol.client.gui.option.PercentageOptionUI,0,50,50,90,1,5,0.014161935480102158,11
net.sf.freecol.client.gui.option.RangeOptionUI,0,50,50,90,1,5,0.00946919546753438,13
net.sf.freecol.client.gui.option.SelectOptionUI,0,50,50,90,1,5,0.013343250038019481,18
net.sf.freecol.client.gui.panel.AboutPanel,0,25,,0,1,1,0.011708843124894291,10
net.sf.freecol.client.gui.panel.AdvantageCellEditor,,,,0,2,0,0.010135135135135136,7
net.sf.freecol.client.gui.panel.AdvantageCellRenderer,0,66,71,100,2,0,0.007075471698113208,7
net.sf.freecol.client.gui.panel.BuildQueuePanel,6,75,,0,3,3,0.053009649614361415,64
net.sf.freecol.client.gui.panel.BuildingProductionPanel,0,33,100,0,1,0,0.01282422191070565,1
net.sf.freecol.client.gui.panel.CaptureGoodsDialog,0,63,75,33,1,2,0.012769185824916653,17
net.sf.freecol.client.gui.panel.CargoPanel,40,79,87,22,3,0,0.016045902198353095,28
net.sf.freecol.client.gui.panel.ChatPanel,0,50,90,33,1,0,0.052718976697452805,11
net.sf.freecol.client.gui.panel.ChoiceItem,0,42,75,33,3,0,0.031180775985614,7
net.sf.freecol.client.gui.panel.ChooseFoundingFatherDialog,0,58,75,33,2,0,0.04212277821085633,20
net.sf.freecol.client.gui.panel.ClientOptionsDialog,7,68,90,10,2,0,0.03524661211196178,33
net.sf.freecol.client.gui.panel.ColonyPanel,442,92,96,13,2,1,0.005973670655550049,213
net.sf.freecol.client.gui.panel.ColonyTileProductionPanel,0,33,100,0,1,0,0.019143319685273212,1
net.sf.freecol.client.gui.panel.ColopediaPanel,720,92,89,6,2,1,0.005585013694659297,78
net.sf.freecol.client.gui.panel.ColopediaTreeCellRenderer,1,100,,0,2,0,0.014123251590235458,4
net.sf.freecol.client.gui.panel.ColopediaTreeItem,3,63,100,0,1,0,0.026244372551550488,8
net.sf.freecol.client.gui.panel.ColorCellEditor,0,68,88,67,1,0,0.014990884482623834,9
net.sf.freecol.client.gui.panel.ColorCellRenderer,0,25,,0,1,0,0.009837509718829152,3
net.sf.freecol.client.gui.panel.DeclarationDialog,1,60,,0,2,0,0.07811716126592816,11
net.sf.freecol.client.gui.panel.DefaultTransferHandler,13,74,86,0,4,0,0.14534866960128484,48
net.sf.freecol.client.gui.panel.DragListener,30,67,,33,1,0,0.023458766258304228,71
net.sf.freecol.client.gui.panel.DumpCargoDialog,0,50,75,67,1,1,0.04391214854747287,10
net.sf.freecol.client.gui.panel.EmigrationPanel,0,50,75,67,1,3,0.046534865563647866,9
net.sf.freecol.client.gui.panel.ErrorPanel,0,58,90,33,1,2,0.061021724408259745,17
net.sf.freecol.client.gui.panel.EuropePanel,77,82,89,20,1,1,0.011375938888142955,89
net.sf.freecol.client.gui.panel.EventPanel,0,65,100,0,1,0,0.020305751853176648,11
net.sf.freecol.client.gui.panel.FileList,,,,0,1,0,0.019100841039521123,3
net.sf.freecol.client.gui.panel.FindColonyDialog,2,69,100,0,2,1,0.009086793314674107,0
net.sf.freecol.client.gui.panel.FreeColDialog,147,85,17,3,7,0,0.015751923378823373,28
net.sf.freecol.client.gui.panel.FreeColImageBorder,22,63,0,17,1,0,0.013526351920810623,3
net.sf.freecol.client.gui.panel.FreeColPanel,116,96,98,2,14,1,0.007432048683705897,59
net.sf.freecol.client.gui.panel.FreeColProgressBar,3,68,69,100,1,0,0.02186349755588419,11
net.sf.freecol.client.gui.panel.GameOptionsDialog,5,67,90,20,2,0,0.0658561243200359,25
net.sf.freecol.client.gui.panel.GoodsLabel,12,73,83,20,1,0,0.012954713296840278,17
net.sf.freecol.client.gui.panel.ImageProvider,,,,0,8,0,0.015698139611970006,1
net.sf.freecol.client.gui.panel.ImageSelection,4,75,,0,2,0,0.02654419580072154,2
net.sf.freecol.client.gui.panel.IndianSettlementPanel,0,53,100,0,1,0,0.02390807291516349,27
net.sf.freecol.client.gui.panel.InfoPanel,2,76,80,47,1,0,0.007076305334752077,40
net.sf.freecol.client.gui.panel.InformationDialog,4,71,,0,3,0,0.026766112746151333,12
net.sf.freecol.client.gui.panel.LabourData,33,79,90,0,3,0,0.0062255578123311716,13
net.sf.freecol.client.gui.panel.LoadingSavegameDialog,8,76,95,14,1,0,0.021794323341950184,10
net.sf.freecol.client.gui.panel.MainPanel,2,53,100,0,2,0,0.0525199677942006,13
net.sf.freecol.client.gui.panel.MapControls,0,67,77,62,1,0,0.014048598389651371,31
net.sf.freecol.client.gui.panel.MapEditorTransformPanel,0,40,67,,1,1,0.009869518253063569,42
net.sf.freecol.client.gui.panel.MapGeneratorOptionsDialog,5,67,86,20,2,0,0.047462668260523595,30
net.sf.freecol.client.gui.panel.MarketLabel,19,73,85,25,1,0,0.014246814709727496,17
net.sf.freecol.client.gui.panel.MiniMap,63,83,76,25,6,0,0.010154869738093273,33
net.sf.freecol.client.gui.panel.MonarchPanel,0,53,94,33,1,1,0.01647069023755713,18
net.sf.freecol.client.gui.panel.NationCellEditor,,,,0,2,0,0.011627906976744186,4
net.sf.freecol.client.gui.panel.NationCellRenderer,0,44,62,100,1,0,0.009036144578313253,5
net.sf.freecol.client.gui.panel.NegotiationDialog,25,83,87,71,1,0,0.007490945652581532,32
net.sf.freecol.client.gui.panel.NewPanel,8,70,90,0,1,1,0.005657345738732234,43
net.sf.freecol.client.gui.panel.PreCombatDialog,,0,,,1,0,4.9E-324,19
net.sf.freecol.client.gui.panel.ProductionLabel,186,86,88,19,1,0,0.01095139240574002,26
net.sf.freecol.client.gui.panel.ProductionMultiplesLabel,258,86,90,20,1,0,0.011111085953095158,11
net.sf.freecol.client.gui.panel.RecruitDialog,0,47,87,67,1,3,0.020530923615867523,16
net.sf.freecol.client.gui.panel.ReportCargoPanel,4,50,,0,2,2,0.08327546773334406,24
net.sf.freecol.client.gui.panel.ReportColonyPanel,15,71,50,100,2,4,0.031608292687704154,62
net.sf.freecol.client.gui.panel.ReportContinentalCongressPanel,0,10,,0,1,2,0.034411668331317875,20
net.sf.freecol.client.gui.panel.ReportExplorationPanel,1,50,,0,2,2,0.016281368954141916,10
net.sf.freecol.client.gui.panel.ReportForeignAffairPanel,,,,0,2,2,0.0734416085131714,19
net.sf.freecol.client.gui.panel.ReportHighScoresPanel,,,,0,2,2,0.06241617971569185,16
net.sf.freecol.client.gui.panel.ReportHistoryPanel,,,,0,2,1,0.0652517817489976,9
net.sf.freecol.client.gui.panel.ReportIndianPanel,3,67,,0,2,2,0.04625620749685864,42
net.sf.freecol.client.gui.panel.ReportLabourPanel,180,86,81,0,2,2,0.010189636487062401,23
net.sf.freecol.client.gui.panel.ReportMilitaryPanel,4,50,,0,2,2,0.09264454161630066,28
net.sf.freecol.client.gui.panel.ReportNavalPanel,4,50,,0,2,2,0.09008870721868652,26
net.sf.freecol.client.gui.panel.ReportPanel,28,83,100,0,4,3,0.03942945464920277,39
net.sf.freecol.client.gui.panel.ReportProductionPanel,0,68,78,67,1,0,0.012038667944091459,27
net.sf.freecol.client.gui.panel.ReportReligiousPanel,0,0,,0,1,2,0.10445923185526566,25
net.sf.freecol.client.gui.panel.ReportRequirementsPanel,15,68,37,0,4,2,0.03471101869127815,33
net.sf.freecol.client.gui.panel.ReportTradePanel,7,72,90,33,2,5,0.013860151010963892,18
net.sf.freecol.client.gui.panel.ReportTurnPanel,,,,0,1,1,0.029264483599481316,35
net.sf.freecol.client.gui.panel.ReportUnitPanel,6,78,79,0,1,0,0.007523198000664708,3
net.sf.freecol.client.gui.panel.RiverStylePanel,1,67,,0,2,1,0.03522331129753907,11
net.sf.freecol.client.gui.panel.SelectAmountDialog,0,64,87,33,1,0,0.03425762601497201,13
net.sf.freecol.client.gui.panel.ServerListPanel,0,62,83,60,1,0,0.013044178123957547,15
net.sf.freecol.client.gui.panel.StartGamePanel,4,76,91,32,2,0,0.007098427891643,36
net.sf.freecol.client.gui.panel.StatisticsPanel,8,70,,0,2,0,0.01752596772102225,11
net.sf.freecol.client.gui.panel.StatusPanel,0,50,,0,1,1,0.06682035737105237,6
net.sf.freecol.client.gui.panel.TilePanel,0,54,91,33,1,2,0.012324741710984539,28
net.sf.freecol.client.gui.panel.TradeRouteDialog,0,67,86,50,1,1,0.008690358864650222,26
net.sf.freecol.client.gui.panel.TradeRouteInputDialog,0,72,91,33,1,1,0.014050823783571519,32
net.sf.freecol.client.gui.panel.TradeRouteInputDialog,0,72,91,33,1,1,0.014050823783571519,32
net.sf.freecol.client.gui.panel.TrainDialog,0,60,94,33,1,0,0.04110517174086542,12
net.sf.freecol.client.gui.panel.UnitButton,,,,,3,0,0.017602611365256177,5
net.sf.freecol.client.gui.panel.UnitLabel,32,76,71,36,2,0,0.01105551846955913,65
net.sf.freecol.client.gui.panel.VictoryPanel,0,48,100,0,1,2,0.016171046512377787,15
net.sf.freecol.client.gui.panel.WarehouseDialog,0,71,92,33,1,1,0.007095974770859819,14
net.sf.freecol.client.gui.plaf.FreeColBrightPanelUI,1,50,,0,2,0,0.06671711224596906,6
net.sf.freecol.client.gui.plaf.FreeColButtonUI,,,,0,3,0,0.09029280788607755,6
net.sf.freecol.client.gui.plaf.FreeColCheckBoxUI,,,,0,3,0,0.047670585556887364,3
net.sf.freecol.client.gui.plaf.FreeColComboBoxRenderer,,0,,0,1,0,4.9E-324,6
net.sf.freecol.client.gui.plaf.FreeColComboBoxUI,,,,0,3,0,0.04900625813239171,3
net.sf.freecol.client.gui.plaf.FreeColLabelUI,,,,0,3,0,0.054084564958167894,2
net.sf.freecol.client.gui.plaf.FreeColListUI,,,,0,3,0,0.07191230411426273,7
net.sf.freecol.client.gui.plaf.FreeColLookAndFeel,8,88,,0,3,0,0.07995808073803443,22
net.sf.freecol.client.gui.plaf.FreeColMenuBarUI,1,50,,0,2,0,0.05278679469397583,6
net.sf.freecol.client.gui.plaf.FreeColMenuItemUI,,,,0,3,0,0.05185104728123593,3
net.sf.freecol.client.gui.plaf.FreeColPanelUI,3,67,,0,3,0,0.07323858928599584,6
net.sf.freecol.client.gui.plaf.FreeColPopupMenuUI,1,50,,0,2,0,0.0643329900461021,6
net.sf.freecol.client.gui.plaf.FreeColRadioButtonUI,,,,0,3,0,0.05290881354603381,3
net.sf.freecol.client.gui.plaf.FreeColScrollPaneUI,,,,0,3,0,0.05654362741907058,3
net.sf.freecol.client.gui.plaf.FreeColTableHeaderUI,,,,0,3,0,0.04692113422033905,3
net.sf.freecol.client.gui.plaf.FreeColTableUI,,,,0,3,0,0.05241946483059414,3
net.sf.freecol.client.gui.plaf.FreeColTextAreaUI,4,50,,0,1,0,0.06885655895068278,6
net.sf.freecol.client.gui.plaf.FreeColTextFieldUI,4,50,,0,1,0,0.07049992385274535,6
net.sf.freecol.client.gui.plaf.FreeColToolTipUI,1,50,,0,2,0,0.08611024181362097,10
net.sf.freecol.client.gui.plaf.FreeColTransparentPanelUI,1,50,,0,2,0,0.07015587694382686,5
net.sf.freecol.client.gui.plaf.LAFUtilities,,0,,0,1,0,4.9E-324,3
net.sf.freecol.client.gui.sound.MusicLibrary,,100,,,1,0,4.9E-324,3
net.sf.freecol.client.gui.sound.Playlist,0,49,66,83,1,0,0.01179969379255516,2
net.sf.freecol.client.gui.sound.SfxLibrary,,,,,1,0,4.9E-324,3
net.sf.freecol.client.gui.sound.SoundLibrary,0,33,0,100,1,0,0.028926630962032733,1
net.sf.freecol.client.gui.sound.SoundPlayer,27,86,79,28,3,0,0.0064023290902491614,28
net.sf.freecol.client.networking.Client,0,58,71,54,1,0,0.01231470508502347,7
net.sf.freecol.common.FreeColException,,,,,1,0,4.9E-324,2
net.sf.freecol.common.PseudoRandom,,100,,0,1,0,4.9E-324,1
net.sf.freecol.common.ServerInfo,57,74,68,36,2,0,0.01150225526620181,2
net.sf.freecol.common.Specification,2265,96,98,1,13,0,0.031199379506453358,9
net.sf.freecol.common.io.FreeColDataFile,0,49,57,100,1,1,0.028632487399539025,24
net.sf.freecol.common.io.FreeColSavegameFile,3,83,,0,3,0,0.014907972471792293,10
net.sf.freecol.common.io.FreeColTcFile,3,67,,0,3,1,0.01181102362204724,18
net.sf.freecol.common.logging.DefaultHandler,0,42,50,100,1,0,0.014421424266051832,5
net.sf.freecol.common.logging.TextFormatter,,,,0,2,0,0.011904761904761904,3
net.sf.freecol.common.model.Ability,36,75,0,48,4,4,0.011029411764705888,30
net.sf.freecol.common.model.AbstractGoods,1,45,41,43,2,2,0.011738490033184308,14
net.sf.freecol.common.model.AbstractUnit,31,54,35,49,4,2,0.010063886772817299,13
net.sf.freecol.common.model.BonusOrPenalty,,,,,1,0,4.9E-324,0
net.sf.freecol.common.model.BuildQueue,328,83,79,37,4,2,0.007586042252062488,20
net.sf.freecol.common.model.BuildableType,52,88,77,33,6,3,0.010901642671826795,24
net.sf.freecol.common.model.Building,1102,78,70,19,7,11,0.009319596240134653,111
net.sf.freecol.common.model.BuildingType,100,88,90,9,5,1,0.012093805463707854,39
net.sf.freecol.common.model.Colony,4138,95,92,4,11,12,0.010326172571537584,230
net.sf.freecol.common.model.ColonyTile,461,82,66,12,6,11,0.009091461389502615,81
net.sf.freecol.common.model.ColonyTradeItem,3,30,0,48,2,4,0.012455434452890593,11
net.sf.freecol.common.model.CombatModel,,,,0,13,0,0.010948905109489055,9
net.sf.freecol.common.model.CostDecider,3,100,,0,3,0,0.011718749999999997,0
net.sf.freecol.common.model.DifficultyLevel,0,25,0,100,2,1,0.008064516129032258,14
net.sf.freecol.common.model.DiplomaticTrade,53,74,77,37,1,2,0.009717212394226358,9
net.sf.freecol.common.model.EquipmentType,88,86,86,18,5,2,0.008992962338969629,29
net.sf.freecol.common.model.Europe,557,88,85,11,9,12,0.007652498989488896,55
net.sf.freecol.common.model.EuropeanNationType,28,72,62,14,6,3,0.013483053811485181,35
net.sf.freecol.common.model.ExportData,36,63,66,11,3,3,0.010876940196406573,7
net.sf.freecol.common.model.Feature,109,79,77,24,2,2,0.01155428911171533,25
net.sf.freecol.common.model.Features,,,,0,3,0,0.014150943396226414,1
net.sf.freecol.common.model.FoundingFather,92,83,84,13,5,2,0.011981570947545912,29
net.sf.freecol.common.model.FreeColGameObject,404,81,82,4,10,4,0.010492178789499965,34
net.sf.freecol.common.model.FreeColGameObjectListener,,,,0,3,0,0.015351112243528564,2
net.sf.freecol.common.model.FreeColGameObjectType,127,76,56,23,7,5,0.010774934252051744,37
net.sf.freecol.common.model.FreeColObject,762,90,86,20,13,1,0.005760377209508543,42
net.sf.freecol.common.model.Game,1237,92,93,10,4,2,0.006762570097246183,77
net.sf.freecol.common.model.GameOptions,15,98,,0,2,3,0.010950202929273588,23
net.sf.freecol.common.model.GoalDecider,,,,0,3,0,0.010638297872340424,0
net.sf.freecol.common.model.GoldTradeItem,3,30,0,48,3,4,0.011194029850746268,8
net.sf.freecol.common.model.Goods,120,97,70,13,4,3,0.01007718563033386,22
net.sf.freecol.common.model.GoodsContainer,45,81,74,40,4,3,0.008115475317631736,28
net.sf.freecol.common.model.GoodsTradeItem,2,42,28,47,2,4,0.012569973780142605,8
net.sf.freecol.common.model.GoodsType,524,93,94,8,6,2,0.008930471466365771,26
net.sf.freecol.common.model.HighScore,281,84,88,4,2,2,0.008043222985837145,10
net.sf.freecol.common.model.HistoryEvent,4,53,54,25,2,3,0.01173481354691524,13
net.sf.freecol.common.model.IndianNationType,63,80,82,18,5,3,0.008614405855993674,31
net.sf.freecol.common.model.IndianSettlement,1538,94,93,9,10,12,0.04190448557499907,121
net.sf.freecol.common.model.Locatable,,,,0,4,0,0.014150943396226415,5
net.sf.freecol.common.model.Location,,,,0,12,0,0.014188797578566057,9
net.sf.freecol.common.model.LostCityRumour,,,,0,3,2,0.0095003837887945,20
net.sf.freecol.common.model.Map,1092,93,83,3,49,6,0.01521735657957511,111
net.sf.freecol.common.model.Map,1092,93,83,3,49,6,0.01521735657957511,111
net.sf.freecol.common.model.Market,210,88,86,25,5,4,0.0072820989732598805,26
net.sf.freecol.common.model.MarketData,184,85,88,5,4,3,0.009367794973216582,19
net.sf.freecol.common.model.ModelController,,,,0,9,0,0.011395023690007403,12
net.sf.freecol.common.model.ModelMessage,124,74,70,45,2,3,0.009843602367141609,22
net.sf.freecol.common.model.Modifier,159,88,75,30,3,4,0.010221480538756532,34
net.sf.freecol.common.model.Monarch,52,83,84,31,4,4,0.0071115265889219815,44
net.sf.freecol.common.model.Nameable,,,,0,1,0,4.9E-324,3
net.sf.freecol.common.model.Named,,,,0,1,0,4.9E-324,3
net.sf.freecol.common.model.Nation,88,82,84,15,4,2,0.014144487378759216,22
net.sf.freecol.common.model.NationType,,,,0,4,1,0.013157894736842105,23
net.sf.freecol.common.model.Ownable,,,,0,2,0,0.014018691588785047,3
net.sf.freecol.common.model.PathNode,92,86,93,5,1,0,0.010273972602739724,11
net.sf.freecol.common.model.Player,12715,97,96,2,9,7,0.005044026684589888,225
net.sf.freecol.common.model.Player,12715,97,96,2,9,7,0.005044026684589888,225
net.sf.freecol.common.model.Region,404,86,86,11,3,3,0.010559820624009175,18
net.sf.freecol.common.model.Resource,73,72,63,21,5,6,0.010820840470615645,16
net.sf.freecol.common.model.ResourceType,13,67,0,10,5,1,0.010538848606785792,21
net.sf.freecol.common.model.Scope,72,71,70,40,2,2,0.01008234123551356,15
net.sf.freecol.common.model.Settlement,467,92,90,10,10,6,0.008155343998364158,93
net.sf.freecol.common.model.SimpleCombatModel,455,97,95,3,3,0,0.01860561958861156,63
net.sf.freecol.common.model.StanceTradeItem,3,30,0,48,2,4,0.010563380281690139,7
net.sf.freecol.common.model.Tension,16,96,0,40,1,0,0.00925737304622693,12
net.sf.freecol.common.model.Tile,3556,92,91,12,3,13,0.01720056089937216,137
net.sf.freecol.common.model.TileImprovement,479,91,81,14,10,6,0.009587342232632749,23
net.sf.freecol.common.model.TileImprovementType,215,91,92,8,4,2,0.007967776569794341,37
net.sf.freecol.common.model.TileItem,24,56,0,30,6,1,0.011843915680580162,10
net.sf.freecol.common.model.TileItemContainer,496,78,72,19,3,4,0.008710285112737703,32
net.sf.freecol.common.model.TileType,236,91,93,8,5,2,0.008919371169512065,44
net.sf.freecol.common.model.TradeItem,26,62,62,16,4,2,0.011290432073194462,7
net.sf.freecol.common.model.TradeRoute,214,87,79,7,8,5,0.009065804605646443,24
net.sf.freecol.common.model.TradeRouteStop,39,71,72,24,3,0,0.014516978833770757,6
net.sf.freecol.common.model.TransactionListener,,,,0,2,0,0.013888888888888888,2
net.sf.freecol.common.model.Turn,0,55,59,60,1,0,0.01620864939096489,9
net.sf.freecol.common.model.Unit,13892,96,94,6,6,13,0.006177074468871972,323
net.sf.freecol.common.model.UnitTradeItem,3,30,0,48,2,4,0.011773213113750373,9
net.sf.freecol.common.model.UnitType,1069,94,95,7,7,2,0.006004512039515007,63
net.sf.freecol.common.model.WorkLocation,,,,0,3,0,0.013761467889908254,19
net.sf.freecol.common.networking.BuyLandMessage,0,14,0,60,1,0,0.010563380281690139,0
net.sf.freecol.common.networking.Connection,42,77,80,35,1,0,0.005684849320829972,16
net.sf.freecol.common.networking.Message,98,83,80,27,7,0,0.0074121745220279405,12
net.sf.freecol.common.networking.MessageHandler,,,,0,1,0,4.9E-324,3
net.sf.freecol.common.networking.NetworkConstants,,,,,0,0,-2.0,4
net.sf.freecol.common.networking.NetworkReplyObject,5,63,81,30,2,0,0.013381145273345997,4
net.sf.freecol.common.networking.NoRouteToServerException,,,,,1,0,4.9E-324,2
net.sf.freecol.common.networking.ReceivingThread,9,78,90,10,2,0,0.0069352104697934566,16
net.sf.freecol.common.networking.StatisticsMessage,4,50,50,47,1,0,0.011499644927164534,3
net.sf.freecol.common.networking.StealLandMessage,0,33,40,52,1,0,0.011342316734775587,0
net.sf.freecol.common.networking.StreamedMessageHandler,,,,0,2,0,0.012195121951219513,3
net.sf.freecol.common.option.AbstractOption,32,91,66,10,3,0,0.01344190228496385,21
net.sf.freecol.common.option.AudioMixerOption,16,81,75,17,3,2,0.00852535736892463,16
net.sf.freecol.common.option.BooleanOption,9,75,0,33,2,2,0.010250759923530924,14
net.sf.freecol.common.option.FileOption,9,75,0,33,2,2,0.009912066498389507,12
net.sf.freecol.common.option.IntegerOption,14,72,73,10,2,2,0.00972634857270058,22
net.sf.freecol.common.option.LanguageOption,44,82,87,10,3,2,0.008488456587790771,18
net.sf.freecol.common.option.Option,55,100,,0,11,0,0.010067114093959731,12
net.sf.freecol.common.option.OptionGroup,35,73,62,20,5,2,0.010805535634358503,44
net.sf.freecol.common.option.OptionMap,87,74,69,53,2,1,0.0084013570365727,16
net.sf.freecol.common.option.PercentageOption,10,100,,0,3,2,0.01010801806533555,13
net.sf.freecol.common.option.RangeOption,10,100,,0,5,1,0.010489510489510492,12
net.sf.freecol.common.option.SelectOption,37,85,75,10,2,3,0.009229456412479447,18
net.sf.freecol.common.option.StringOption,9,75,0,33,2,2,0.010250759923530924,25
net.sf.freecol.common.resources.ImageResource,15,77,70,30,2,0,0.02793925873087347,16
net.sf.freecol.common.resources.Resource,0,0,,0,1,0,0.020666139971075335,6
net.sf.freecol.common.resources.ResourceFactory,0,0,0,0,1,0,0.04226618705035971,12
net.sf.freecol.common.resources.ResourceManager,41,83,87,19,1,0,0.09673540076348633,34
net.sf.freecol.common.resources.ResourceMapping,0,0,0,100,1,0,0.019733522052699865,4
net.sf.freecol.common.util.ReplayableInputStream,2,58,50,50,2,0,0.01918966650498181,2
net.sf.freecol.common.util.Utils,,,,0,3,0,0.0158730705601153,10
net.sf.freecol.common.util.Xml,,,,0,7,0,0.008945486830224536,2
net.sf.freecol.metaserver.MetaItem,1,67,0,100,1,0,0.011029411764705881,2
net.sf.freecol.metaserver.MetaRegister,0,38,33,60,1,0,0.008590410706435264,7
net.sf.freecol.metaserver.MetaServer,2,74,81,43,1,0,0.007864114503230383,3
net.sf.freecol.metaserver.NetworkHandler,0,57,73,0,1,1,0.00920245398773006,4
net.sf.freecol.server.FreeColServer,721,92,96,11,1,1,0.006523697003504106,140
net.sf.freecol.server.ai.AIColony,181,77,72,24,4,4,0.0039487627381920845,141
net.sf.freecol.server.ai.AIGoods,100,89,70,14,4,6,0.007653647371003375,26
net.sf.freecol.server.ai.AIInGameInputHandler,9,63,70,17,3,7,0.005750763440354453,33
net.sf.freecol.server.ai.AIMain,141,77,71,21,1,2,0.006389777295956903,36
net.sf.freecol.server.ai.AIObject,14,74,62,13,3,2,0.009461116076203088,21
net.sf.freecol.server.ai.AIPlayer,350,88,77,3,18,4,0.006455057954227671,62
net.sf.freecol.server.ai.AIUnit,111,75,72,18,3,6,0.004934316619288922,52
net.sf.freecol.server.ai.ColonialAIPlayer,9,43,0,10,4,3,0.005457726673821383,32
net.sf.freecol.server.ai.ColonyPlan,47,80,75,27,1,0,0.007003686251778558,87
net.sf.freecol.server.ai.EuropeanAIPlayer,0,28,0,28,3,1,0.0049699373852270575,136
net.sf.freecol.server.ai.GoodsWish,16,75,0,0,4,5,0.008241758241758242,27
net.sf.freecol.server.ai.IndianAIPlayer,0,71,80,33,1,2,0.005273792628911057,18
net.sf.freecol.server.ai.NewAIPlayer,172,89,77,27,5,4,0.004839806385438743,23
net.sf.freecol.server.ai.REFAIPlayer,9,43,0,0,2,2,0.00754071388543513,32
net.sf.freecol.server.ai.StandardAIPlayer,249,88,84,23,11,2,0.003595057220020071,67
net.sf.freecol.server.ai.TileImprovementPlan,47,75,66,14,4,4,0.008232578642306879,25
net.sf.freecol.server.ai.Transportable,,,,0,9,0,0.011342316734775587,8
net.sf.freecol.server.ai.Wish,22,78,80,47,5,3,0.010709554278971002,16
net.sf.freecol.server.ai.WorkLocationPlan,14,71,65,36,1,0,0.009302715287836496,25
net.sf.freecol.server.ai.WorkerWish,15,63,12,50,4,5,0.009504173949343395,28
net.sf.freecol.server.ai.mission.BuildColonyMission,16,58,50,33,3,4,0.005906912188397129,81
net.sf.freecol.server.ai.mission.CashInTreasureTrainMission,55,91,,0,8,5,0.00714691106366534,48
net.sf.freecol.server.ai.mission.DefendSettlementMission,10,54,41,48,3,3,0.006366511010085253,52
net.sf.freecol.server.ai.mission.IdleAtColonyMission,21,86,,0,6,4,0.007963802760156237,15
net.sf.freecol.server.ai.mission.IndianBringGiftMission,25,61,41,30,3,3,0.008716487697081316,50
net.sf.freecol.server.ai.mission.IndianDemandMission,36,67,41,30,3,3,0.0069801437351084275,55
net.sf.freecol.server.ai.mission.Mission,208,91,72,3,5,1,0.006281464169753502,99
net.sf.freecol.server.ai.mission.PioneeringMission,48,78,68,42,5,5,0.005544437987800626,80
net.sf.freecol.server.ai.mission.PrivateerMission,68,76,74,13,4,4,0.006661300191632152,61
net.sf.freecol.server.ai.mission.ScoutingMission,91,84,65,11,7,5,0.006310092870104667,67
net.sf.freecol.server.ai.mission.TransportMission,349,81,67,20,6,5,0.004863658447634331,125
net.sf.freecol.server.ai.mission.UnitSeekAndDestroyMission,49,68,50,54,3,3,0.006262179548470465,56
net.sf.freecol.server.ai.mission.UnitWanderHostileMission,21,100,,0,6,4,0.006920302523674789,34
net.sf.freecol.server.ai.mission.UnitWanderMission,21,100,,0,6,3,0.010310401451955494,25
net.sf.freecol.server.ai.mission.WishRealizationMission,0,54,42,71,3,4,0.006393477730606562,35
net.sf.freecol.server.ai.mission.WorkInsideColonyMission,24,78,0,0,5,4,0.009510168560005465,27
net.sf.freecol.server.control.Controller,1,50,,0,2,0,0.011029411764705883,6
net.sf.freecol.server.control.FreeColServerHolder,0,25,0,,1,0,0.01020408163265306,3
net.sf.freecol.server.control.InGameController,88,77,66,11,5,1,0.00482999099455591,398
net.sf.freecol.server.control.InGameInputHandler,2686,79,0,,1,2,0.004711124702272374,87
net.sf.freecol.server.control.InputHandler,13,64,50,0,2,2,0.008616360265456835,7
net.sf.freecol.server.control.PreGameController,3,67,,0,2,1,0.006134265584960926,36
net.sf.freecol.server.control.PreGameInputHandler,16,44,0,,1,2,0.007793466008292394,11
net.sf.freecol.server.control.ServerModelController,4,52,36,47,4,3,0.005341823757267952,23
net.sf.freecol.server.control.UserConnectionHandler,3,50,50,33,2,3,0.0073751213235741745,12
net.sf.freecol.server.generator.IMapGenerator,,,,0,2,0,0.012295081967213115,2
net.sf.freecol.server.generator.LandGenerator,0,65,60,0,1,0,0.00936406336449753,13
net.sf.freecol.server.generator.MapGenerator,57,78,83,33,1,0,0.005434822112190271,38
net.sf.freecol.server.generator.MapGeneratorOptions,230,94,90,7,7,3,0.009923254598420037,11
net.sf.freecol.server.generator.River,3,76,85,33,1,0,0.006034460607319748,17
net.sf.freecol.server.generator.RiverSection,29,71,73,31,1,0,0.010240104836464535,6
net.sf.freecol.server.generator.TerrainGenerator,151,92,93,0,3,0,0.0059814095734597094,50
net.sf.freecol.server.model.ServerModelObject,,,,0,2,0,0.011538461538461539,4
net.sf.freecol.server.model.ServerPlayer,144,82,84,7,4,1,0.008286792738254209,196
net.sf.freecol.server.model.ServerRegion,10,56,50,60,3,0,0.011505592214596327,6
net.sf.freecol.server.networking.DummyConnection,26,74,80,10,4,0,0.009796838718799744,7
net.sf.freecol.server.networking.Server,0,73,79,55,1,0,0.00756454477484683,6
net.sf.freecol.tools.FSGConverter,15,83,,0,3,0,0.016617865840502864,2
net.sf.freecol.tools.MergeTranslations,,,,0,1,0,4.9E-324,5
net.sf.freecol.tools.TranslationReport,6,75,,0,1,0,0.018271234675069702,2
